stusps,hhsregion
AL,4
AK,10
AZ,9
AR,6
CA,9
CO,8
CT,1
DE,3
FL,4
GA,4
HI,9
ID,10
IL,5
IN,5
IA,7
KS,7
KY,4
LA,6
ME,1
MD,3
DC,3
MA,1
MI,5
MN,5
MS,4
MO,7
MT,8
NE,7
NV,9
NH,1
NJ,2
NM,6
NY,2
PR,2
NC,4
ND,8
OH,5
OK,6
OR,10
PA,3
RI,1
SC,4
SD,8
TN,4
TX,6
UT,8
VT,1
VA,3
WA,10
WV,3
WI,5
WY,8
